{
  "Top": "apint_arith",
  "RtlTop": "apint_arith",
  "RtlPrefix": "",
  "SourceLanguage": "c",
  "ResetStyle": "control",
  "GenerateBdFiles": "0",
  "HostMachineBits": "64",
  "Target": {
    "Family": "kintex7",
    "Device": "xc7k160t",
    "Package": "-fbg484",
    "Speed": "-1"
  },
  "HlsSolution": {
    
  },
  "Args": {
    "inA": {
      "index": "0",
      "type": {
        "dataType": "signed",
        "dataWidth": "8",
        "interfaceRef": "inA"
      }
    },
    "inB": {
      "index": "1",
      "type": {
        "dataType": "signed",
        "dataWidth": "8",
        "interfaceRef": "inB"
      }
    },
    "Sel": {
      "index": "2",
      "type": {
        "dataType": "signed",
        "dataWidth": "8",
        "interfaceRef": "Sel"
      }
    },
    "output": {
      "index": "3",
      "type": {
        "kinds": ["pointer"],
        "dataType": "signed",
        "dataWidth": "8",
        "interfaceRef": "output_r"
      }
    },
    "rem": {
      "index": "4",
      "type": {
        "kinds": ["pointer"],
        "dataType": "signed",
        "dataWidth": "8",
        "interfaceRef": "rem_r"
      }
    }
  },
  "Return": {
    
  },
  "ClockInfo": {
    "ClockName": "ap_clk",
    "ClockPeriod": "4",
    "IsCombLogic": "0",
    "II": "x",
    "Latency": "1",
    "Uncertainty": "0.5"
  },
  "Xdc": {"OocClocks": ["create_clock -name ap_clk -period 4.000 [get_ports ap_clk]"]},
  "Ipx": {
    "Vendor": "xilinx.com",
    "Library": "hls",
    "Name": "apint_arith",
    "Version": "1.0",
    "DisplayName": "Apint_arith",
    "Revision": "",
    "Description": "An IP generated by Vivado HLS",
    "Taxonomy": "\/VIVADO_HLS_IP",
    "AutoFamilySupport": ""
  },
  "Files": {
    "CSource": ["..\/..\/apint_arith.c"],
    "Vhdl": [
      "impl\/vhdl\/apint_arith_sdiv_bkb.vhd",
      "impl\/vhdl\/apint_arith_srem_cud.vhd",
      "impl\/vhdl\/apint_arith.vhd"
    ],
    "Verilog": [
      "impl\/verilog\/apint_arith_sdiv_bkb.v",
      "impl\/verilog\/apint_arith_srem_cud.v",
      "impl\/verilog\/apint_arith.v"
    ],
    "Misc": ["impl\/misc\/logo.png"],
    "DesignXml": "C:\/Users\/logan\/AppData\/Roaming\/Xilinx\/Vivado\/apint_arith\/proj_apint_arith\/solution1\/.autopilot\/db\/apint_arith.design.xml",
    "DebugDir": "C:\/Users\/logan\/AppData\/Roaming\/Xilinx\/Vivado\/apint_arith\/proj_apint_arith\/solution1\/.debug",
    "ProtoInst": ["C:\/Users\/logan\/AppData\/Roaming\/Xilinx\/Vivado\/apint_arith\/proj_apint_arith\/solution1\/.debug\/apint_arith.protoinst"]
  },
  "SubcoreInfo": {
    "HasXpmMemory": false,
    "HasClockedDsp": false,
    "IP": []
  },
  "Interfaces": {
    "ap_clk": {
      "type": "clock",
      "ctype": {"CLK": {"Type": "bool"}},
      "bundle_name": "ap_clk",
      "bundle_role": "default",
      "reset": "ap_rst"
    },
    "ap_ctrl": {
      "type": "ap_ctrl",
      "ctrl_ports": "ap_start ap_done ap_idle ap_ready",
      "ctype": {
        "start": {"Type": "bool"},
        "done": {"Type": "bool"},
        "idle": {"Type": "bool"},
        "ready": {"Type": "bool"}
      }
    },
    "ap_rst": {
      "type": "reset",
      "polarity": "ACTIVE_HIGH",
      "ctype": {"RST": {"Type": "bool"}},
      "bundle_name": "ap_rst",
      "bundle_role": "default"
    },
    "inA": {
      "type": "data",
      "dir": "in",
      "width": "8",
      "ctype": {"DATA": {
          "Type": "integer signed",
          "Width": "8"
        }},
      "bundle_name": "inA",
      "bundle_role": "default"
    },
    "inB": {
      "type": "data",
      "dir": "in",
      "width": "8",
      "ctype": {"DATA": {
          "Type": "integer signed",
          "Width": "8"
        }},
      "bundle_name": "inB",
      "bundle_role": "default"
    },
    "output_r": {
      "type": "data",
      "dir": "out",
      "width": "8",
      "ctype": {"DATA": {
          "Type": "integer signed",
          "Width": "8"
        }},
      "bundle_name": "output_r",
      "bundle_role": "default"
    },
    "rem_r": {
      "type": "data",
      "dir": "out",
      "width": "8",
      "ctype": {"DATA": {
          "Type": "integer signed",
          "Width": "8"
        }},
      "bundle_name": "rem_r",
      "bundle_role": "default"
    },
    "Sel": {
      "type": "data",
      "dir": "in",
      "width": "8",
      "ctype": {"DATA": {
          "Type": "integer signed",
          "Width": "8"
        }},
      "bundle_name": "Sel",
      "bundle_role": "default"
    }
  },
  "RtlPorts": {
    "ap_clk": {
      "dir": "in",
      "width": "1"
    },
    "ap_rst": {
      "dir": "in",
      "width": "1"
    },
    "ap_start": {
      "dir": "in",
      "width": "1"
    },
    "ap_done": {
      "dir": "out",
      "width": "1"
    },
    "ap_idle": {
      "dir": "out",
      "width": "1"
    },
    "ap_ready": {
      "dir": "out",
      "width": "1"
    },
    "inA": {
      "dir": "in",
      "width": "8"
    },
    "inB": {
      "dir": "in",
      "width": "8"
    },
    "Sel": {
      "dir": "in",
      "width": "8"
    },
    "output_r": {
      "dir": "out",
      "width": "8"
    },
    "output_r_ap_vld": {
      "dir": "out",
      "width": "1"
    },
    "rem_r": {
      "dir": "out",
      "width": "8"
    },
    "rem_r_ap_vld": {
      "dir": "out",
      "width": "1"
    }
  },
  "ModuleInfo": {
    "Hierarchy": {"ModuleName": "apint_arith"},
    "Info": {"apint_arith": {
        "FunctionProtocol": "ap_ctrl_hs",
        "isTaskLevelControl": "1",
        "isPipelined": "0",
        "isCombinational": "0",
        "isOneStateSeq": "0"
      }},
    "Metrics": {"apint_arith": {
        "Latency": {
          "LatencyBest": "1",
          "LatencyAvg": "3",
          "LatencyWorst": "11",
          "PipelineIIMin": "2",
          "PipelineIIMax": "12",
          "PipelineII": "2 ~ 12",
          "PipelineDepth": "",
          "PipelineType": "none"
        },
        "Timing": {
          "Target": "4.00",
          "Uncertainty": "0.50",
          "Estimate": "3.290"
        },
        "Area": {
          "DSP48E": "0",
          "FF": "224",
          "LUT": "263",
          "BRAM_18K": "0",
          "URAM": "0"
        }
      }}
  },
  "Sdx": {
    "Target": "none",
    "ProfileOption": "0",
    "ProfileType": "none",
    "XO": "",
    "KernelName": "apint_arith",
    "EnableXoSwEmu": "1"
  },
  "GenData": {
    "DataVersion": "0.2",
    "Time": "2022-05-01 16:02:33 -0400",
    "ToolName": "vivado_hls",
    "ToolVersion": "2019.2"
  }
}
