<?xml version="1.0" encoding="UTF-8"?>
<vivadoHLSLog:LogRoot xmlns:vivadoHLSLog="www.xilinx.com/vivadoHLSLog">
  <errorLogs>
    <logs>
      <synLog/>
      <simLog/>
      <mgLog/>
      <packageLog/>
      <csimLog/>
    </logs>
  </errorLogs>
  <warningLogs>
    <logs>
      <synLog>
        <logs message="WARNING: [SYN 201-107] Renaming port name 'apint_arith/rem' to 'apint_arith/rem_r' to avoid the conflict with HDL keywords or other object names." projectName="proj_apint_arith" solutionName="solution1" date="2022-05-01T16:02:32.069-0400" type="Warning"/>
        <logs message="WARNING: [SYN 201-107] Renaming port name 'apint_arith/output' to 'apint_arith/output_r' to avoid the conflict with HDL keywords or other object names." projectName="proj_apint_arith" solutionName="solution1" date="2022-05-01T16:02:32.063-0400" type="Warning"/>
        <logs message="WARNING: [HLS 200-40] In file included from apint_arith.c:1:&#xD;&#xA;apint_arith.c:112:11: warning: incompatible pointer to integer conversion assigning to 'signed char' from 'void *' [-Wint-conversion]&#xD;&#xA;  *output = ((void *)0);&#xD;&#xA;          ^ ~~~~~~~~~~~&#xD;&#xA;apint_arith.c:113:8: warning: incompatible pointer to integer conversion assigning to 'signed char' from 'void *' [-Wint-conversion]&#xD;&#xA;  *rem = ((void *)0);&#xD;&#xA;       ^ ~~~~~~~~~~~&#xD;&#xA;2 warnings generated." projectName="proj_apint_arith" solutionName="solution1" date="2022-05-01T16:02:30.958-0400" type="Warning"/>
      </synLog>
      <simLog/>
      <mgLog/>
      <packageLog/>
      <csimLog/>
    </logs>
  </warningLogs>
</vivadoHLSLog:LogRoot>
