<profile>

<section name = "Vivado HLS Report for 'apint_arith'" level="0">
<item name = "Date">Sun May  1 16:02:32 2022
</item>
<item name = "Version">2019.2 (Build 2704478 on Wed Nov 06 22:10:23 MST 2019)</item>
<item name = "Project">proj_apint_arith</item>
<item name = "Solution">solution1</item>
<item name = "Product family">kintex7</item>
<item name = "Target device">xc7k160t-fbg484-1</item>
</section>

<section name = "Performance Estimates" level="0">
<item name = "Timing">
<section name = "" level="1">
<item name = "Summary"><table name="" hasTotal="0">
<keys size="4">Clock, Target, Estimated, Uncertainty</keys>
<column name="ap_clk">4.00 ns, 3.290 ns, 0.50 ns</column>
</table>
</item>
</section>
</item>
<item name = "Latency">
<section name = "" level="1">
<item name = "Summary"><table name="" hasTotal="0">
<keys size="8">, min, max, min, max, min, max, Type</keys>
<column name="">1, 11, 4.000 ns, 44.000 ns, 1, 11, none</column>
</table>
</item>
<item name = "Detail">
<section name = "" level="1">
<item name = "Instance"><table name="" hasTotal="0">
<keys size="9">Instance, Module, min, max, min, max, min, max, Type</keys>
</table>
</item>
<item name = "Loop"><table name="" hasTotal="0">
<keys size="8">Loop Name, min, max, Latency, achieved, target, Count, Pipelined</keys>
</table>
</item>
</section>
</item>
</section>
</item>
</section>

<section name = "Utilization Estimates" level="0">
<item name = "Summary"><table name="" hasTotal="1">
<keys size="6">Name, BRAM_18K, DSP48E, FF, LUT, URAM</keys>
<column name="DSP">-, -, -, -, -</column>
<column name="Expression">-, 0, 0, 71, -</column>
<column name="FIFO">-, -, -, -, -</column>
<column name="Instance">-, -, 212, 88, -</column>
<column name="Memory">-, -, -, -, -</column>
<column name="Multiplexer">-, -, -, 104, -</column>
<column name="Register">-, -, 12, -, -</column>
<specialColumn name="Available">650, 600, 202800, 101400, 0</specialColumn>
<specialColumn name="Utilization (%)">0, 0, ~0, ~0, 0</specialColumn>
</table>
</item>
<item name = "Detail">
<section name = "" level="1">
<item name = "Instance"><table name="" hasTotal="1">
<keys size="7">Instance, Module, BRAM_18K, DSP48E, FF, LUT, URAM</keys>
<column name="apint_arith_sdiv_bkb_U1">apint_arith_sdiv_bkb, 0, 0, 106, 44, 0</column>
<column name="apint_arith_srem_cud_U2">apint_arith_srem_cud, 0, 0, 106, 44, 0</column>
</table>
</item>
<item name = "DSP48E"><table name="" hasTotal="0">
<keys size="3">Instance, Module, Expression</keys>
</table>
</item>
<item name = "Memory"><table name="" hasTotal="1">
<keys size="10">Memory, Module, BRAM_18K, FF, LUT, URAM, Words, Bits, Banks, W*Bits*Banks</keys>
</table>
</item>
<item name = "FIFO"><table name="" hasTotal="1">
<keys size="8">Name, BRAM_18K, FF, LUT, URAM, Depth, Bits, Size:D*B</keys>
</table>
</item>
<item name = "Expression"><table name="" hasTotal="1">
<keys size="7">Variable Name, Operation, DSP48E, FF, LUT, Bitwidth P0, Bitwidth P1</keys>
<column name="mul_ln105_fu_78_p2">*, 0, 0, 41, 8, 8</column>
<column name="add_ln99_fu_92_p2">+, 0, 0, 15, 8, 8</column>
<column name="sub_ln102_fu_85_p2">-, 0, 0, 15, 8, 8</column>
</table>
</item>
<item name = "Multiplexer"><table name="" hasTotal="1">
<keys size="5">Name, LUT, Input Size, Bits, Total Bits</keys>
<column name="ap_NS_fsm">56, 13, 1, 13</column>
<column name="output_r">33, 6, 8, 48</column>
<column name="rem_r">15, 3, 8, 24</column>
</table>
</item>
<item name = "Register"><table name="" hasTotal="1">
<keys size="5">Name, FF, LUT, Bits, Const Bits</keys>
<column name="ap_CS_fsm">12, 0, 12, 0</column>
</table>
</item>
</section>
</item>
</section>

<section name = "Interface" level="0">
<item name = "Summary"><table name="" hasTotal="0">
<keys size="6">RTL Ports, Dir, Bits, Protocol, Source Object, C Type</keys>
<column name="ap_clk">in, 1, ap_ctrl_hs, apint_arith, return value</column>
<column name="ap_rst">in, 1, ap_ctrl_hs, apint_arith, return value</column>
<column name="ap_start">in, 1, ap_ctrl_hs, apint_arith, return value</column>
<column name="ap_done">out, 1, ap_ctrl_hs, apint_arith, return value</column>
<column name="ap_idle">out, 1, ap_ctrl_hs, apint_arith, return value</column>
<column name="ap_ready">out, 1, ap_ctrl_hs, apint_arith, return value</column>
<column name="inA">in, 8, ap_none, inA, scalar</column>
<column name="inB">in, 8, ap_none, inB, scalar</column>
<column name="Sel">in, 8, ap_none, Sel, scalar</column>
<column name="output_r">out, 8, ap_vld, output_r, pointer</column>
<column name="output_r_ap_vld">out, 1, ap_vld, output_r, pointer</column>
<column name="rem_r">out, 8, ap_vld, rem_r, pointer</column>
<column name="rem_r_ap_vld">out, 1, ap_vld, rem_r, pointer</column>
</table>
</item>
</section>
</profile>
