<stg><name>apint_arith</name>


<trans_list>

<trans id="63" from="1" to="2">
<condition id="-1">
<or_exp><and_exp><literal name="Sel_read" val="4"/>
</and_exp></or_exp>
</condition>
</trans>

<trans id="75" from="1" to="12">
<condition id="-1">
<or_exp><and_exp><literal name="Sel_read" val="!4"/>
</and_exp></or_exp>
</condition>
</trans>

<trans id="65" from="2" to="3">
<condition id="-1">
<or_exp><and_exp></and_exp></or_exp>
</condition>
</trans>

<trans id="66" from="3" to="4">
<condition id="-1">
<or_exp><and_exp></and_exp></or_exp>
</condition>
</trans>

<trans id="67" from="4" to="5">
<condition id="-1">
<or_exp><and_exp></and_exp></or_exp>
</condition>
</trans>

<trans id="68" from="5" to="6">
<condition id="-1">
<or_exp><and_exp></and_exp></or_exp>
</condition>
</trans>

<trans id="69" from="6" to="7">
<condition id="-1">
<or_exp><and_exp></and_exp></or_exp>
</condition>
</trans>

<trans id="70" from="7" to="8">
<condition id="-1">
<or_exp><and_exp></and_exp></or_exp>
</condition>
</trans>

<trans id="71" from="8" to="9">
<condition id="-1">
<or_exp><and_exp></and_exp></or_exp>
</condition>
</trans>

<trans id="72" from="9" to="10">
<condition id="-1">
<or_exp><and_exp></and_exp></or_exp>
</condition>
</trans>

<trans id="73" from="10" to="11">
<condition id="-1">
<or_exp><and_exp></and_exp></or_exp>
</condition>
</trans>

<trans id="74" from="11" to="12">
<condition id="-1">
<or_exp><and_exp></and_exp></or_exp>
</condition>
</trans>
</trans_list>



<state_list>

<state id="1" st_id="1">

<operation id="13" st_id="1" stage="1" lat="1">
<core>NULL</core>
<MemPortIdVec></MemPortIdVec>
<condition id="-1">
<or_exp><and_exp></and_exp></or_exp>
</condition>

<Node id="6" bw="0" op_0_bw="0" op_1_bw="8">
<![CDATA[
:0  call void (...)* @_ssdm_op_SpecBitsMap(i8 %inA) nounwind, !map !7

]]></Node>
<StgValue><ssdm name="specbitsmap_ln0"/></StgValue>
</operation>

<operation id="14" st_id="1" stage="1" lat="1">
<core>NULL</core>
<MemPortIdVec></MemPortIdVec>
<condition id="-1">
<or_exp><and_exp></and_exp></or_exp>
</condition>

<Node id="7" bw="0" op_0_bw="0" op_1_bw="8">
<![CDATA[
:1  call void (...)* @_ssdm_op_SpecBitsMap(i8 %inB) nounwind, !map !13

]]></Node>
<StgValue><ssdm name="specbitsmap_ln0"/></StgValue>
</operation>

<operation id="15" st_id="1" stage="1" lat="1">
<core>NULL</core>
<MemPortIdVec></MemPortIdVec>
<condition id="-1">
<or_exp><and_exp></and_exp></or_exp>
</condition>

<Node id="8" bw="0" op_0_bw="0" op_1_bw="8">
<![CDATA[
:2  call void (...)* @_ssdm_op_SpecBitsMap(i8 %Sel) nounwind, !map !17

]]></Node>
<StgValue><ssdm name="specbitsmap_ln0"/></StgValue>
</operation>

<operation id="16" st_id="1" stage="1" lat="1">
<core>NULL</core>
<MemPortIdVec></MemPortIdVec>
<condition id="-1">
<or_exp><and_exp></and_exp></or_exp>
</condition>

<Node id="9" bw="0" op_0_bw="0" op_1_bw="8">
<![CDATA[
:3  call void (...)* @_ssdm_op_SpecBitsMap(i8* %output_r) nounwind, !map !21

]]></Node>
<StgValue><ssdm name="specbitsmap_ln0"/></StgValue>
</operation>

<operation id="17" st_id="1" stage="1" lat="1">
<core>NULL</core>
<MemPortIdVec></MemPortIdVec>
<condition id="-1">
<or_exp><and_exp></and_exp></or_exp>
</condition>

<Node id="10" bw="0" op_0_bw="0" op_1_bw="8">
<![CDATA[
:4  call void (...)* @_ssdm_op_SpecBitsMap(i8* %rem_r) nounwind, !map !27

]]></Node>
<StgValue><ssdm name="specbitsmap_ln0"/></StgValue>
</operation>

<operation id="18" st_id="1" stage="1" lat="1">
<core>NULL</core>
<MemPortIdVec></MemPortIdVec>
<condition id="-1">
<or_exp><and_exp></and_exp></or_exp>
</condition>

<Node id="11" bw="0" op_0_bw="0" op_1_bw="0">
<![CDATA[
:5  call void (...)* @_ssdm_op_SpecTopModule([12 x i8]* @apint_arith_str) nounwind

]]></Node>
<StgValue><ssdm name="spectopmodule_ln0"/></StgValue>
</operation>

<operation id="19" st_id="1" stage="1" lat="1">
<core>NULL</core>
<MemPortIdVec></MemPortIdVec>
<condition id="-1">
<or_exp><and_exp></and_exp></or_exp>
</condition>

<Node id="12" bw="8" op_0_bw="8" op_1_bw="8">
<![CDATA[
:6  %Sel_read = call i8 @_ssdm_op_Read.ap_auto.i8(i8 %Sel) nounwind

]]></Node>
<StgValue><ssdm name="Sel_read"/></StgValue>
</operation>

<operation id="20" st_id="1" stage="1" lat="1">
<core>NULL</core>
<MemPortIdVec></MemPortIdVec>
<condition id="-1">
<or_exp><and_exp></and_exp></or_exp>
</condition>

<Node id="13" bw="8" op_0_bw="8" op_1_bw="8">
<![CDATA[
:7  %inB_read = call i8 @_ssdm_op_Read.ap_auto.i8(i8 %inB) nounwind

]]></Node>
<StgValue><ssdm name="inB_read"/></StgValue>
</operation>

<operation id="21" st_id="1" stage="1" lat="1">
<core>NULL</core>
<MemPortIdVec></MemPortIdVec>
<condition id="-1">
<or_exp><and_exp></and_exp></or_exp>
</condition>

<Node id="14" bw="8" op_0_bw="8" op_1_bw="8">
<![CDATA[
:8  %inA_read = call i8 @_ssdm_op_Read.ap_auto.i8(i8 %inA) nounwind

]]></Node>
<StgValue><ssdm name="inA_read"/></StgValue>
</operation>

<operation id="22" st_id="1" stage="1" lat="1">
<core>NULL</core>
<MemPortIdVec></MemPortIdVec>
<condition id="-1">
<or_exp><and_exp></and_exp></or_exp>
</condition>

<Node id="15" bw="0" op_0_bw="8" op_1_bw="0" op_2_bw="8" op_3_bw="0" op_4_bw="8" op_5_bw="0" op_6_bw="8" op_7_bw="0" op_8_bw="8" op_9_bw="0">
<![CDATA[
:9  switch i8 %Sel_read, label %5 [
    i8 1, label %1
    i8 2, label %2
    i8 3, label %3
    i8 4, label %4
  ]

]]></Node>
<StgValue><ssdm name="switch_ln97"/></StgValue>
</operation>

<operation id="23" st_id="1" stage="12" lat="12">
<core>DivnS_SEQ</core>
<MemPortIdVec></MemPortIdVec>
<condition id="-1">
<or_exp><and_exp><literal name="Sel_read" val="4"/>
</and_exp></or_exp>
</condition>

<Node id="17" bw="8" op_0_bw="8" op_1_bw="8">
<![CDATA[
:0  %sdiv_ln108 = sdiv i8 %inA_read, %inB_read

]]></Node>
<StgValue><ssdm name="sdiv_ln108"/></StgValue>
</operation>

<operation id="24" st_id="1" stage="12" lat="12">
<core>DivnS_SEQ</core>
<MemPortIdVec></MemPortIdVec>
<condition id="-1">
<or_exp><and_exp><literal name="Sel_read" val="4"/>
</and_exp></or_exp>
</condition>

<Node id="19" bw="8" op_0_bw="8" op_1_bw="8">
<![CDATA[
:2  %srem_ln109 = srem i8 %inA_read, %inB_read

]]></Node>
<StgValue><ssdm name="srem_ln109"/></StgValue>
</operation>

<operation id="25" st_id="1" stage="1" lat="1">
<core>Mul</core>
<MemPortIdVec></MemPortIdVec>
<condition id="-1">
<or_exp><and_exp><literal name="Sel_read" val="3"/>
</and_exp></or_exp>
</condition>

<Node id="23" bw="8" op_0_bw="8" op_1_bw="8">
<![CDATA[
:0  %mul_ln105 = mul i8 %inB_read, %inA_read

]]></Node>
<StgValue><ssdm name="mul_ln105"/></StgValue>
</operation>

<operation id="26" st_id="1" stage="1" lat="1">
<core>NULL</core>
<MemPortIdVec></MemPortIdVec>
<condition id="-1">
<or_exp><and_exp><literal name="Sel_read" val="3"/>
</and_exp></or_exp>
</condition>

<Node id="24" bw="0" op_0_bw="0" op_1_bw="8" op_2_bw="8">
<![CDATA[
:1  call void @_ssdm_op_Write.ap_auto.i8P(i8* %output_r, i8 %mul_ln105) nounwind

]]></Node>
<StgValue><ssdm name="write_ln105"/></StgValue>
</operation>

<operation id="27" st_id="1" stage="1" lat="1">
<core>NULL</core>
<MemPortIdVec></MemPortIdVec>
<condition id="-1">
<or_exp><and_exp><literal name="Sel_read" val="3"/>
</and_exp></or_exp>
</condition>

<Node id="25" bw="0" op_0_bw="0">
<![CDATA[
:2  br label %6

]]></Node>
<StgValue><ssdm name="br_ln106"/></StgValue>
</operation>

<operation id="28" st_id="1" stage="1" lat="1">
<core>AddSub</core>
<MemPortIdVec></MemPortIdVec>
<condition id="-1">
<or_exp><and_exp><literal name="Sel_read" val="2"/>
</and_exp></or_exp>
</condition>

<Node id="27" bw="8" op_0_bw="8" op_1_bw="8">
<![CDATA[
:0  %sub_ln102 = sub i8 %inA_read, %inB_read

]]></Node>
<StgValue><ssdm name="sub_ln102"/></StgValue>
</operation>

<operation id="29" st_id="1" stage="1" lat="1">
<core>NULL</core>
<MemPortIdVec></MemPortIdVec>
<condition id="-1">
<or_exp><and_exp><literal name="Sel_read" val="2"/>
</and_exp></or_exp>
</condition>

<Node id="28" bw="0" op_0_bw="0" op_1_bw="8" op_2_bw="8">
<![CDATA[
:1  call void @_ssdm_op_Write.ap_auto.i8P(i8* %output_r, i8 %sub_ln102) nounwind

]]></Node>
<StgValue><ssdm name="write_ln102"/></StgValue>
</operation>

<operation id="30" st_id="1" stage="1" lat="1">
<core>NULL</core>
<MemPortIdVec></MemPortIdVec>
<condition id="-1">
<or_exp><and_exp><literal name="Sel_read" val="2"/>
</and_exp></or_exp>
</condition>

<Node id="29" bw="0" op_0_bw="0">
<![CDATA[
:2  br label %6

]]></Node>
<StgValue><ssdm name="br_ln103"/></StgValue>
</operation>

<operation id="31" st_id="1" stage="1" lat="1">
<core>AddSub</core>
<MemPortIdVec></MemPortIdVec>
<condition id="-1">
<or_exp><and_exp><literal name="Sel_read" val="1"/>
</and_exp></or_exp>
</condition>

<Node id="31" bw="8" op_0_bw="8" op_1_bw="8">
<![CDATA[
:0  %add_ln99 = add i8 %inB_read, %inA_read

]]></Node>
<StgValue><ssdm name="add_ln99"/></StgValue>
</operation>

<operation id="32" st_id="1" stage="1" lat="1">
<core>NULL</core>
<MemPortIdVec></MemPortIdVec>
<condition id="-1">
<or_exp><and_exp><literal name="Sel_read" val="1"/>
</and_exp></or_exp>
</condition>

<Node id="32" bw="0" op_0_bw="0" op_1_bw="8" op_2_bw="8">
<![CDATA[
:1  call void @_ssdm_op_Write.ap_auto.i8P(i8* %output_r, i8 %add_ln99) nounwind

]]></Node>
<StgValue><ssdm name="write_ln99"/></StgValue>
</operation>

<operation id="33" st_id="1" stage="1" lat="1">
<core>NULL</core>
<MemPortIdVec></MemPortIdVec>
<condition id="-1">
<or_exp><and_exp><literal name="Sel_read" val="1"/>
</and_exp></or_exp>
</condition>

<Node id="33" bw="0" op_0_bw="0">
<![CDATA[
:2  br label %6

]]></Node>
<StgValue><ssdm name="br_ln100"/></StgValue>
</operation>

<operation id="34" st_id="1" stage="1" lat="1">
<core>NULL</core>
<MemPortIdVec></MemPortIdVec>
<condition id="-1">
<or_exp><and_exp><literal name="Sel_read" val="!1"/>
<literal name="Sel_read" val="!2"/>
<literal name="Sel_read" val="!3"/>
<literal name="Sel_read" val="!4"/>
</and_exp></or_exp>
</condition>

<Node id="35" bw="0" op_0_bw="0" op_1_bw="8" op_2_bw="8">
<![CDATA[
:0  call void @_ssdm_op_Write.ap_auto.i8P(i8* %output_r, i8 0) nounwind

]]></Node>
<StgValue><ssdm name="write_ln112"/></StgValue>
</operation>

<operation id="35" st_id="1" stage="1" lat="1">
<core>NULL</core>
<MemPortIdVec></MemPortIdVec>
<condition id="-1">
<or_exp><and_exp><literal name="Sel_read" val="!1"/>
<literal name="Sel_read" val="!2"/>
<literal name="Sel_read" val="!3"/>
<literal name="Sel_read" val="!4"/>
</and_exp></or_exp>
</condition>

<Node id="36" bw="0" op_0_bw="0" op_1_bw="8" op_2_bw="8">
<![CDATA[
:1  call void @_ssdm_op_Write.ap_auto.i8P(i8* %rem_r, i8 0) nounwind

]]></Node>
<StgValue><ssdm name="write_ln113"/></StgValue>
</operation>

<operation id="36" st_id="1" stage="1" lat="1">
<core>NULL</core>
<MemPortIdVec></MemPortIdVec>
<condition id="-1">
<or_exp><and_exp><literal name="Sel_read" val="!1"/>
<literal name="Sel_read" val="!2"/>
<literal name="Sel_read" val="!3"/>
<literal name="Sel_read" val="!4"/>
</and_exp></or_exp>
</condition>

<Node id="37" bw="0" op_0_bw="0">
<![CDATA[
:2  br label %6

]]></Node>
<StgValue><ssdm name="br_ln114"/></StgValue>
</operation>
</state>

<state id="2" st_id="2">

<operation id="37" st_id="2" stage="11" lat="12">
<core>DivnS_SEQ</core>
<MemPortIdVec></MemPortIdVec>
<condition id="-1">
<or_exp><and_exp></and_exp></or_exp>
</condition>

<Node id="17" bw="8" op_0_bw="8" op_1_bw="8">
<![CDATA[
:0  %sdiv_ln108 = sdiv i8 %inA_read, %inB_read

]]></Node>
<StgValue><ssdm name="sdiv_ln108"/></StgValue>
</operation>

<operation id="38" st_id="2" stage="11" lat="12">
<core>DivnS_SEQ</core>
<MemPortIdVec></MemPortIdVec>
<condition id="-1">
<or_exp><and_exp></and_exp></or_exp>
</condition>

<Node id="19" bw="8" op_0_bw="8" op_1_bw="8">
<![CDATA[
:2  %srem_ln109 = srem i8 %inA_read, %inB_read

]]></Node>
<StgValue><ssdm name="srem_ln109"/></StgValue>
</operation>
</state>

<state id="3" st_id="3">

<operation id="39" st_id="3" stage="10" lat="12">
<core>DivnS_SEQ</core>
<MemPortIdVec></MemPortIdVec>
<condition id="-1">
<or_exp><and_exp></and_exp></or_exp>
</condition>

<Node id="17" bw="8" op_0_bw="8" op_1_bw="8">
<![CDATA[
:0  %sdiv_ln108 = sdiv i8 %inA_read, %inB_read

]]></Node>
<StgValue><ssdm name="sdiv_ln108"/></StgValue>
</operation>

<operation id="40" st_id="3" stage="10" lat="12">
<core>DivnS_SEQ</core>
<MemPortIdVec></MemPortIdVec>
<condition id="-1">
<or_exp><and_exp></and_exp></or_exp>
</condition>

<Node id="19" bw="8" op_0_bw="8" op_1_bw="8">
<![CDATA[
:2  %srem_ln109 = srem i8 %inA_read, %inB_read

]]></Node>
<StgValue><ssdm name="srem_ln109"/></StgValue>
</operation>
</state>

<state id="4" st_id="4">

<operation id="41" st_id="4" stage="9" lat="12">
<core>DivnS_SEQ</core>
<MemPortIdVec></MemPortIdVec>
<condition id="-1">
<or_exp><and_exp></and_exp></or_exp>
</condition>

<Node id="17" bw="8" op_0_bw="8" op_1_bw="8">
<![CDATA[
:0  %sdiv_ln108 = sdiv i8 %inA_read, %inB_read

]]></Node>
<StgValue><ssdm name="sdiv_ln108"/></StgValue>
</operation>

<operation id="42" st_id="4" stage="9" lat="12">
<core>DivnS_SEQ</core>
<MemPortIdVec></MemPortIdVec>
<condition id="-1">
<or_exp><and_exp></and_exp></or_exp>
</condition>

<Node id="19" bw="8" op_0_bw="8" op_1_bw="8">
<![CDATA[
:2  %srem_ln109 = srem i8 %inA_read, %inB_read

]]></Node>
<StgValue><ssdm name="srem_ln109"/></StgValue>
</operation>
</state>

<state id="5" st_id="5">

<operation id="43" st_id="5" stage="8" lat="12">
<core>DivnS_SEQ</core>
<MemPortIdVec></MemPortIdVec>
<condition id="-1">
<or_exp><and_exp></and_exp></or_exp>
</condition>

<Node id="17" bw="8" op_0_bw="8" op_1_bw="8">
<![CDATA[
:0  %sdiv_ln108 = sdiv i8 %inA_read, %inB_read

]]></Node>
<StgValue><ssdm name="sdiv_ln108"/></StgValue>
</operation>

<operation id="44" st_id="5" stage="8" lat="12">
<core>DivnS_SEQ</core>
<MemPortIdVec></MemPortIdVec>
<condition id="-1">
<or_exp><and_exp></and_exp></or_exp>
</condition>

<Node id="19" bw="8" op_0_bw="8" op_1_bw="8">
<![CDATA[
:2  %srem_ln109 = srem i8 %inA_read, %inB_read

]]></Node>
<StgValue><ssdm name="srem_ln109"/></StgValue>
</operation>
</state>

<state id="6" st_id="6">

<operation id="45" st_id="6" stage="7" lat="12">
<core>DivnS_SEQ</core>
<MemPortIdVec></MemPortIdVec>
<condition id="-1">
<or_exp><and_exp></and_exp></or_exp>
</condition>

<Node id="17" bw="8" op_0_bw="8" op_1_bw="8">
<![CDATA[
:0  %sdiv_ln108 = sdiv i8 %inA_read, %inB_read

]]></Node>
<StgValue><ssdm name="sdiv_ln108"/></StgValue>
</operation>

<operation id="46" st_id="6" stage="7" lat="12">
<core>DivnS_SEQ</core>
<MemPortIdVec></MemPortIdVec>
<condition id="-1">
<or_exp><and_exp></and_exp></or_exp>
</condition>

<Node id="19" bw="8" op_0_bw="8" op_1_bw="8">
<![CDATA[
:2  %srem_ln109 = srem i8 %inA_read, %inB_read

]]></Node>
<StgValue><ssdm name="srem_ln109"/></StgValue>
</operation>
</state>

<state id="7" st_id="7">

<operation id="47" st_id="7" stage="6" lat="12">
<core>DivnS_SEQ</core>
<MemPortIdVec></MemPortIdVec>
<condition id="-1">
<or_exp><and_exp></and_exp></or_exp>
</condition>

<Node id="17" bw="8" op_0_bw="8" op_1_bw="8">
<![CDATA[
:0  %sdiv_ln108 = sdiv i8 %inA_read, %inB_read

]]></Node>
<StgValue><ssdm name="sdiv_ln108"/></StgValue>
</operation>

<operation id="48" st_id="7" stage="6" lat="12">
<core>DivnS_SEQ</core>
<MemPortIdVec></MemPortIdVec>
<condition id="-1">
<or_exp><and_exp></and_exp></or_exp>
</condition>

<Node id="19" bw="8" op_0_bw="8" op_1_bw="8">
<![CDATA[
:2  %srem_ln109 = srem i8 %inA_read, %inB_read

]]></Node>
<StgValue><ssdm name="srem_ln109"/></StgValue>
</operation>
</state>

<state id="8" st_id="8">

<operation id="49" st_id="8" stage="5" lat="12">
<core>DivnS_SEQ</core>
<MemPortIdVec></MemPortIdVec>
<condition id="-1">
<or_exp><and_exp></and_exp></or_exp>
</condition>

<Node id="17" bw="8" op_0_bw="8" op_1_bw="8">
<![CDATA[
:0  %sdiv_ln108 = sdiv i8 %inA_read, %inB_read

]]></Node>
<StgValue><ssdm name="sdiv_ln108"/></StgValue>
</operation>

<operation id="50" st_id="8" stage="5" lat="12">
<core>DivnS_SEQ</core>
<MemPortIdVec></MemPortIdVec>
<condition id="-1">
<or_exp><and_exp></and_exp></or_exp>
</condition>

<Node id="19" bw="8" op_0_bw="8" op_1_bw="8">
<![CDATA[
:2  %srem_ln109 = srem i8 %inA_read, %inB_read

]]></Node>
<StgValue><ssdm name="srem_ln109"/></StgValue>
</operation>
</state>

<state id="9" st_id="9">

<operation id="51" st_id="9" stage="4" lat="12">
<core>DivnS_SEQ</core>
<MemPortIdVec></MemPortIdVec>
<condition id="-1">
<or_exp><and_exp></and_exp></or_exp>
</condition>

<Node id="17" bw="8" op_0_bw="8" op_1_bw="8">
<![CDATA[
:0  %sdiv_ln108 = sdiv i8 %inA_read, %inB_read

]]></Node>
<StgValue><ssdm name="sdiv_ln108"/></StgValue>
</operation>

<operation id="52" st_id="9" stage="4" lat="12">
<core>DivnS_SEQ</core>
<MemPortIdVec></MemPortIdVec>
<condition id="-1">
<or_exp><and_exp></and_exp></or_exp>
</condition>

<Node id="19" bw="8" op_0_bw="8" op_1_bw="8">
<![CDATA[
:2  %srem_ln109 = srem i8 %inA_read, %inB_read

]]></Node>
<StgValue><ssdm name="srem_ln109"/></StgValue>
</operation>
</state>

<state id="10" st_id="10">

<operation id="53" st_id="10" stage="3" lat="12">
<core>DivnS_SEQ</core>
<MemPortIdVec></MemPortIdVec>
<condition id="-1">
<or_exp><and_exp></and_exp></or_exp>
</condition>

<Node id="17" bw="8" op_0_bw="8" op_1_bw="8">
<![CDATA[
:0  %sdiv_ln108 = sdiv i8 %inA_read, %inB_read

]]></Node>
<StgValue><ssdm name="sdiv_ln108"/></StgValue>
</operation>

<operation id="54" st_id="10" stage="3" lat="12">
<core>DivnS_SEQ</core>
<MemPortIdVec></MemPortIdVec>
<condition id="-1">
<or_exp><and_exp></and_exp></or_exp>
</condition>

<Node id="19" bw="8" op_0_bw="8" op_1_bw="8">
<![CDATA[
:2  %srem_ln109 = srem i8 %inA_read, %inB_read

]]></Node>
<StgValue><ssdm name="srem_ln109"/></StgValue>
</operation>
</state>

<state id="11" st_id="11">

<operation id="55" st_id="11" stage="2" lat="12">
<core>DivnS_SEQ</core>
<MemPortIdVec></MemPortIdVec>
<condition id="-1">
<or_exp><and_exp></and_exp></or_exp>
</condition>

<Node id="17" bw="8" op_0_bw="8" op_1_bw="8">
<![CDATA[
:0  %sdiv_ln108 = sdiv i8 %inA_read, %inB_read

]]></Node>
<StgValue><ssdm name="sdiv_ln108"/></StgValue>
</operation>

<operation id="56" st_id="11" stage="2" lat="12">
<core>DivnS_SEQ</core>
<MemPortIdVec></MemPortIdVec>
<condition id="-1">
<or_exp><and_exp></and_exp></or_exp>
</condition>

<Node id="19" bw="8" op_0_bw="8" op_1_bw="8">
<![CDATA[
:2  %srem_ln109 = srem i8 %inA_read, %inB_read

]]></Node>
<StgValue><ssdm name="srem_ln109"/></StgValue>
</operation>
</state>

<state id="12" st_id="12">

<operation id="57" st_id="12" stage="1" lat="12">
<core>DivnS_SEQ</core>
<MemPortIdVec></MemPortIdVec>
<condition id="-1">
<or_exp><and_exp><literal name="Sel_read" val="4"/>
</and_exp></or_exp>
</condition>

<Node id="17" bw="8" op_0_bw="8" op_1_bw="8">
<![CDATA[
:0  %sdiv_ln108 = sdiv i8 %inA_read, %inB_read

]]></Node>
<StgValue><ssdm name="sdiv_ln108"/></StgValue>
</operation>

<operation id="58" st_id="12" stage="1" lat="1">
<core>NULL</core>
<MemPortIdVec></MemPortIdVec>
<condition id="-1">
<or_exp><and_exp><literal name="Sel_read" val="4"/>
</and_exp></or_exp>
</condition>

<Node id="18" bw="0" op_0_bw="0" op_1_bw="8" op_2_bw="8">
<![CDATA[
:1  call void @_ssdm_op_Write.ap_auto.i8P(i8* %output_r, i8 %sdiv_ln108) nounwind

]]></Node>
<StgValue><ssdm name="write_ln108"/></StgValue>
</operation>

<operation id="59" st_id="12" stage="1" lat="12">
<core>DivnS_SEQ</core>
<MemPortIdVec></MemPortIdVec>
<condition id="-1">
<or_exp><and_exp><literal name="Sel_read" val="4"/>
</and_exp></or_exp>
</condition>

<Node id="19" bw="8" op_0_bw="8" op_1_bw="8">
<![CDATA[
:2  %srem_ln109 = srem i8 %inA_read, %inB_read

]]></Node>
<StgValue><ssdm name="srem_ln109"/></StgValue>
</operation>

<operation id="60" st_id="12" stage="1" lat="1">
<core>NULL</core>
<MemPortIdVec></MemPortIdVec>
<condition id="-1">
<or_exp><and_exp><literal name="Sel_read" val="4"/>
</and_exp></or_exp>
</condition>

<Node id="20" bw="0" op_0_bw="0" op_1_bw="8" op_2_bw="8">
<![CDATA[
:3  call void @_ssdm_op_Write.ap_auto.i8P(i8* %rem_r, i8 %srem_ln109) nounwind

]]></Node>
<StgValue><ssdm name="write_ln109"/></StgValue>
</operation>

<operation id="61" st_id="12" stage="1" lat="1">
<core>NULL</core>
<MemPortIdVec></MemPortIdVec>
<condition id="-1">
<or_exp><and_exp><literal name="Sel_read" val="4"/>
</and_exp></or_exp>
</condition>

<Node id="21" bw="0" op_0_bw="0">
<![CDATA[
:4  br label %6

]]></Node>
<StgValue><ssdm name="br_ln110"/></StgValue>
</operation>

<operation id="62" st_id="12" stage="1" lat="1">
<core>NULL</core>
<MemPortIdVec></MemPortIdVec>
<condition id="-1">
<or_exp><and_exp></and_exp></or_exp>
</condition>

<Node id="39" bw="0">
<![CDATA[
:0  ret void

]]></Node>
<StgValue><ssdm name="ret_ln119"/></StgValue>
</operation>
</state>
</state_list>


<ports>
</ports>


<dataflows>
</dataflows>


</stg>
