<stg><name>apint_arith</name>


<trans_list>

<trans id="63" from="1" to="2">
<condition id="-1">
<or_exp><and_exp><literal name="Sel_read" val="4"/>
</and_exp></or_exp>
</condition>
</trans>

<trans id="75" from="1" to="12">
<condition id="-1">
<or_exp><and_exp><literal name="Sel_read" val="!4"/>
</and_exp></or_exp>
</condition>
</trans>

<trans id="65" from="2" to="3">
<condition id="-1">
<or_exp><and_exp></and_exp></or_exp>
</condition>
</trans>

<trans id="66" from="3" to="4">
<condition id="-1">
<or_exp><and_exp></and_exp></or_exp>
</condition>
</trans>

<trans id="67" from="4" to="5">
<condition id="-1">
<or_exp><and_exp></and_exp></or_exp>
</condition>
</trans>

<trans id="68" from="5" to="6">
<condition id="-1">
<or_exp><and_exp></and_exp></or_exp>
</condition>
</trans>

<trans id="69" from="6" to="7">
<condition id="-1">
<or_exp><and_exp></and_exp></or_exp>
</condition>
</trans>

<trans id="70" from="7" to="8">
<condition id="-1">
<or_exp><and_exp></and_exp></or_exp>
</condition>
</trans>

<trans id="71" from="8" to="9">
<condition id="-1">
<or_exp><and_exp></and_exp></or_exp>
</condition>
</trans>

<trans id="72" from="9" to="10">
<condition id="-1">
<or_exp><and_exp></and_exp></or_exp>
</condition>
</trans>

<trans id="73" from="10" to="11">
<condition id="-1">
<or_exp><and_exp></and_exp></or_exp>
</condition>
</trans>

<trans id="74" from="11" to="12">
<condition id="-1">
<or_exp><and_exp></and_exp></or_exp>
</condition>
</trans>
</trans_list>



<state_list>

<state id="1" st_id="1">

<operation id="13" st_id="1" stage="1" lat="1">
<core>NULL</core>
<MemPortIdVec></MemPortIdVec>
<condition id="-1">
<or_exp><and_exp></and_exp></or_exp>
</condition>

<Node id="6" bw="0" op_0_bw="0" op_1_bw="8">
<![CDATA[
:0  call void (...)* @_ssdm_op_SpecBitsMap(i8 %inA) nounwind, !map !7

]]></Node>
<StgValue><ssdm name="specbitsmap_ln0"/></StgValue>
</operation>

<operation id="14" st_id="1" stage="1" lat="1">
<core>NULL</core>
<MemPortIdVec></MemPortIdVec>
<condition id="-1">
<or_exp><and_exp></and_exp></or_exp>
</condition>

<Node id="7" bw="0" op_0_bw="0" op_1_bw="8">
<![CDATA[
:1  call void (...)* @_ssdm_op_SpecBitsMap(i8 %inB) nounwind, !map !13

]]></Node>
<StgValue><ssdm name="specbitsmap_ln0"/></StgValue>
</operation>

<operation id="15" st_id="1" stage="1" lat="1">
<core>NULL</core>
<MemPortIdVec></MemPortIdVec>
<condition id="-1">
<or_exp><and_exp></and_exp></or_exp>
</condition>

<Node id="8" bw="0" op_0_bw="0" op_1_bw="8">
<![CDATA[
:2  call void (...)* @_ssdm_op_SpecBitsMap(i8 %Sel) nounwind, !map !17

]]></Node>
<StgValue><ssdm name="specbitsmap_ln0"/></StgValue>
</operation>

<operation id="16" st_id="1" stage="1" lat="1">
<core>NULL</core>
<MemPortIdVec></MemPortIdVec>
<condition id="-1">
<or_exp><and_exp></and_exp></or_exp>
</condition>

<Node id="9" bw="0" op_0_bw="0" op_1_bw="8">
<![CDATA[
:3  call void (...)* @_ssdm_op_SpecBitsMap(i8* %output_r) nounwind, !map !21

]]></Node>
<StgValue><ssdm name="specbitsmap_ln0"/></StgValue>
</operation>

<operation id="17" st_id="1" stage="1" lat="1">
<core>NULL</core>
<MemPortIdVec></MemPortIdVec>
<condition id="-1">
<or_exp><and_exp></and_exp></or_exp>
</condition>

<Node id="10" bw="0" op_0_bw="0" op_1_bw="8">
<![CDATA[
:4  call void (...)* @_ssdm_op_SpecBitsMap(i8* %rem_r) nounwind, !map !27

]]></Node>
<StgValue><ssdm name="specbitsmap_ln0"/></StgValue>
</operation>

<operation id="18" st_id="1" stage="1" lat="1">
<core>NULL</core>
<MemPortIdVec></MemPortIdVec>
<condition id="-1">
<or_exp><and_exp></and_exp></or_exp>
</condition>

<Node id="11" bw="0" op_0_bw="0" op_1_bw="0">
<![CDATA[
:5  call void (...)* @_ssdm_op_SpecTopModule([12 x i8]* @apint_arith_str) nounwind

]]></Node>
<StgValue><ssdm name="spectopmodule_ln0"/></StgValue>
</operation>

<operation id="19" st_id="1" stage="1" lat="1">
<core>NULL</core>
<MemPortIdVec></MemPortIdVec>
<condition id="-1">
<or_exp><and_exp></and_exp></or_exp>
</condition>

<Node id="12" bw="8" op_0_bw="8" op_1_bw="8">
<![CDATA[
:6  %Sel_read = call i8 @_ssdm_op_Read.ap_auto.i8(i8 %Sel) nounwind

]]></Node>
<StgValue><ssdm name="Sel_read"/></StgValue>
</operation>

<operation id="20" st_id="1" stage="1" lat="1">
<core>NULL</core>
<MemPortIdVec></MemPortIdVec>
<condition id="-1">
<or_exp><and_exp></and_exp></or_exp>
</condition>

<Node id="13" bw="8" op_0_bw="8" op_1_bw="8">
<![CDATA[
:7  %inB_read = call i8 @_ssdm_op_Read.ap_auto.i8(i8 %inB) nounwind

]]></Node>
<StgValue><ssdm name="inB_read"/></StgValue>
</operation>

<operation id="21" st_id="1" stage="1" lat="1">
<core>NULL</core>
<MemPortIdVec></MemPortIdVec>
<condition id="-1">
<or_exp><and_exp></and_exp></or_exp>
</condition>

<Node id="14" bw="8" op_0_bw="8" op_1_bw="8">
<![CDATA[
:8  %inA_read = call i8 @_ssdm_op_Read.ap_auto.i8(i8 %inA) nounwind

]]></Node>
<StgValue><ssdm name="inA_read"/></StgValue>
</operation>

<operation id="22" st_id="1" stage="1" lat="1">
<core>NULL</core>
<MemPortIdVec></MemPortIdVec>
<condition id="-1">
<or_exp><and_exp></and_exp></or_exp>
</condition>

<Node id="15" bw="0" op_0_bw="8" op_1_bw="0" op_2_bw="8" op_3_bw="0" op_4_bw="8" op_5_bw="0" op_6_bw="8" op_7_bw="0" op_8_bw="8" op_9_bw="0">
<![CDATA[
:9  switch i8 %Sel_read, label %5 [
    i8 1, label %1
    i8 2, label %2
    i8 3, label %3
    i8 4, label %4
  ]

]]></Node>
<StgValue><ssdm name="switch_ln97"/></StgValue>
</operation>

<operation id="23" st_id="1" stage="12" lat="12">
<core>DivnS_SEQ</core>
<MemPortIdVec></MemPortIdVec>
<condition id="-1">
<or_exp><and_exp><literal name="Sel_read" val="4"/>
</and_exp></or_exp>
</condition>

<Node id="17" bw="8" op_0_bw="8" op_1_bw="8">
<![CDATA[
:0  %sdiv_ln108 = sdiv i8 %inA_read, %inB_read

]]></Node>
<StgValue><ssdm name="sdiv_ln108"/></StgValue>
</operation>

<operation id="24" st_id="1" stage="12" lat="12">
<core>DivnS_SEQ</core>
<MemPortIdVec></MemPortIdVec>
<condition id="-1">
<or_exp><and_exp><literal name="Sel_read" val="4"/>
</and_exp></or_exp>
</condition>

<Node id="19" bw="8" op_0_bw="8" op_1_bw="8">
<![CDATA[
:2  %srem_ln109 = srem i8 %inA_read, %inB_read

]]></Node>
<StgValue><ssdm name="srem_ln109"/></StgValue>
</operation>

<operation id="25" st_id="1" stage="1" lat="1">
<core>Mul</core>
<MemPortIdVec></MemPortIdVec>
<condition id="-1">
<or_exp><and_exp><literal name="Sel_read" val="3"/>
</and_exp></or_exp>
</condition>

<Node id="23" bw="8" op_0_bw="8" op_1_bw="8">
<![CDATA[
:0  %mul_ln105 = mul i8 %inB_read, %inA_read

]]></Node>
<StgValue><ssdm name="mul_ln105"/></StgValue>
</operation>

<operation id="26" st_id="1" stage="1" lat="1">
<core>NULL</core>
<MemPortIdVec></MemPortIdVec>
<condition id="-1">
<or_exp><and_exp><literal name="Sel_read" val="3"/>
</and_exp></or_exp>
</condition>

<Node id="24" bw="0" op_0_bw="0" op_1_bw="8" op_2_bw="8">
<![CDATA[
:1  call void @_ssdm_op_Write.ap_auto.i8P(i8* %output_r, i8 %mul_ln105) nounwind

]]></Node>
<StgValue><ssdm name="write_ln105"/></StgValue>
</operation>

<operation id="27" st_id="1" stage="1" lat="1">
<core>NULL</core>
<MemPortIdVec></MemPortIdVec>
<condition id="-1">
<or_exp><and_exp><literal name="Sel_read" val="3"/>
</and_exp></or_exp>
</condition>

<Node id="25" bw="0" op_0_bw="0">
<![CDATA[
:2  br label %6

]]></Node>
<StgValue><ssdm name="br_ln106"/></StgValue>
</operation>

<operation id="28" st_id="1" stage="1" lat="1">
<core>AddSub</core>
<MemPortIdVec></MemPortIdVec>
<condition id="-1">
<or_exp><and_exp><literal name="Sel_read" val="2"/>
</and_exp></or_exp>
</condition>

<Node id="27" bw="8" op_0_bw="8" op_1_bw="8">
<![CDATA[
:0  %sub_ln102 = sub i8 %inA_read, %inB_read

]]></Node>
<StgValue><ssdm name="sub_ln102"/></StgValue>
</operation>

<operation id="29" st_id="1" stage="1" lat="1">
<core>NULL</core>
<MemPortIdVec></MemPortIdVec>
<condition id="-1">
<or_exp><and_exp><literal name="Sel_read" val="2"/>
</and_exp></or_exp>
</condition>

<Node id="28" bw="0" op_0_bw="0" op_1_bw="8" op_2_bw="8">
<![CDATA[
:1  call void @_ssdm_op_Write.ap_auto.i8P(i8* %output_r, i8 %sub_ln102) nounwind

]]></Node>
<StgValue><ssdm name="write_ln102"/></StgValue>
</operation>

<operation id="30" st_id="1" stage="1" lat="1">
<core>NULL</core>
<MemPortIdVec></MemPortIdVec>
<condition id="-1">
<or_exp><and_exp><literal name="Sel_read" val="2"/>
</and_exp></or_exp>
</condition>

<Node id="29" bw="0" op_0_bw="0">
<![CDATA[
:2  br label %6

]]></Node>
<StgValue><ssdm name="br_ln103"/></StgValue>
</operation>

<operation id="31" st_id="1" stage="1" lat="1">
<core>AddSub</core>
<MemPortIdVec></MemPortIdVec>
<condition id="-1">
<or_exp><and_exp><literal name="Sel_read" val="1"/>
</and_exp></or_exp>
</condition>

<Node id="31" bw="8" op_0_bw="8" op_1_bw="8">
<![CDATA[
:0  %add_ln99 = add i8 %inB_read, %inA_read

]]></Node>
<StgValue><ssdm name="add_ln99"/></StgValue>
</operation>

<operation id="32" st_id="1" stage="1" lat="1">
<core>NULL</core>
<MemPortIdVec></MemPortIdVec>
<condition id="-1">
<or_exp><and_exp><literal name="Sel_read" val="1"/>
</and_exp></or_exp>
</condition>

<Node id="32" bw="0" op_0_bw="0" op_1_bw="8" op_2_bw="8">
<![CDATA[
:1  call void @_ssdm_op_Write.ap_auto.i8P(i8* %output_r, i8 %add_ln99) nounwind

]]></Node>
<StgValue><ssdm name="write_ln99"/></StgValue>
</operation>

<operation id="33" st_id="1" stage="1" lat="1">
<core>NULL</core>
<MemPortIdVec></MemPortIdVec>
<condition id="-1">
<or_exp><and_exp><literal name="Sel_read" val="1"/>
</and_exp></or_exp>
</condition>

<Node id="33" bw="0" op_0_bw="0">
<![CDATA[
:2  br label %6

]]></Node>
<StgValue><ssdm name="br_ln100"/></StgValue>
</operation>

<operation id="34" st_id="1" stage="1" lat="1">
<core>NULL</core>
<MemPortIdVec></MemPortIdVec>
<condition id="-1">
<or_exp><and_exp><literal name="Sel_read" val="!1"/>
<literal name="Sel_read" val="!2"/>
<literal name="Sel_read" val="!3"/>
<literal name="Sel_read" val="!4"/>
</and_exp></or_exp>
</condition>

<Node id="35" bw="0" op_0_bw="0" op_1_bw="8" op_2_bw="8">
<![CDATA[
:0  call void @_ssdm_op_Write.ap_auto.i8P(i8* %output_r, i8 0) nounwind

]]></Node>
<StgValue><ssdm name="write_ln112"/></StgValue>
</operation>

<operation id="35" st_id="1" stage="1" lat="1">
<core>NULL</core>
<MemPortIdVec></MemPortIdVec>
<condition id="-1">
<or_exp><and_exp><literal name="Sel_read" val="!1"/>
<literal name="Sel_read" val="!2"/>
<literal name="Sel_read" val="!3"/>
<literal name="Sel_read" val="!4"/>
</and_exp></or_exp>
</condition>

<Node id="36" bw="0" op_0_bw="0" op_1_bw="8" op_2_bw="8">
<![CDATA[
:1  call void @_ssdm_op_Write.ap_auto.i8P(i8* %rem_r, i8 0) nounwind

]]></Node>
<StgValue><ssdm name="write_ln113"/></StgValue>
</operation>

<operation id="36" st_id="1" stage="1" lat="1">
<core>NULL</core>
<MemPortIdVec></MemPortIdVec>
<condition id="-1">
<or_exp><and_exp><literal name="Sel_read" val="!1"/>
<literal name="Sel_read" val="!2"/>
<literal name="Sel_read" val="!3"/>
<literal name="Sel_read" val="!4"/>
</and_exp></or_exp>
</condition>

<Node id="37" bw="0" op_0_bw="0">
<![CDATA[
:2  br label %6

]]></Node>
<StgValue><ssdm name="br_ln114"/></StgValue>
</operation>
</state>

<state id="2" st_id="2">

<operation id="37" st_id="2" stage="11" lat="12">
<core>DivnS_SEQ</core>
<MemPortIdVec></MemPortIdVec>
<condition id="-1">
<or_exp><and_exp></and_exp></or_exp>
</condition>

<Node id="17" bw="8" op_0_bw="8" op_1_bw="8">
<![CDATA[
:0  %sdiv_ln108 = sdiv i8 %inA_read, %inB_read

]]></Node>
<StgValue><ssdm name="sdiv_ln108"/></StgValue>
</operation>

<operation id="38" st_id="2" stage="11" lat="12">
<core>DivnS_SEQ</core>
<MemPortIdVec></MemPortIdVec>
<condition id="-1">
<or_exp><and_exp></and_exp></or_exp>
</condition>

<Node id="19" bw="8" op_0_bw="8" op_1_bw="8">
<![CDATA[
:2  %srem_ln109 = srem i8 %inA_read, %inB_read

]]></Node>
<StgValue><ssdm name="srem_ln109"/></StgValue>
</operation>
</state>

<state id="3" st_id="3">

<operation id="39" st_id="3" stage="10" lat="12">
<core>DivnS_SEQ</core>
<MemPortIdVec></MemPortIdVec>
<condition id="-1">
<or_exp><and_exp></and_exp></or_exp>
</condition>

<Node id="17" bw="8" op_0_bw="8" op_1_bw="8">
<![CDATA[
:0  %sdiv_ln108 = sdiv i8 %inA_read, %inB_read

]]></Node>
<StgValue><ssdm name="sdiv_ln108"/></StgValue>
</operation>

<operation id="40" st_id="3" stage="10" lat="12">
<core>DivnS_SEQ</core>
<MemPortIdVec></MemPortIdVec>
<condition id="-1">
<or_exp><and_exp></and_exp></or_exp>
</condition>

<Node id="19" bw="8" op_0_bw="8" op_1_bw="8">
<![CDATA[
:2  %srem_ln109 = srem i8 %inA_read, %inB_read

]]></Node>
<StgValue><ssdm name="srem_ln109"/></StgValue>
</operation>
</state>

<state id="4" st_id="4">

<operation id="41" st_id="4" stage="9" lat="12">
<core>DivnS_SEQ</core>
<MemPortIdVec></MemPortIdVec>
<condition id="-1">
<or_exp><and_exp></and_exp></or_exp>
</condition>

<Node id="17" bw="8" op_0_bw="8" op_1_bw="8">
<![CDATA[
:0  %sdiv_ln108 = sdiv i8 %inA_read, %inB_read

]]></Node>
<StgValue><ssdm name="sdiv_ln108"/></StgValue>
</operation>

<operation id="42" st_id="4" stage="9" lat="12">
<core>DivnS_SEQ</core>
<MemPortIdVec></MemPortIdVec>
<condition id="-1">
<or_exp><and_exp></and_exp></or_exp>
</condition>

<Node id="19" bw="8" op_0_bw="8" op_1_bw="8">
<![CDATA[
:2  %srem_ln109 = srem i8 %inA_read, %inB_read

]]></Node>
<StgValue><ssdm name="srem_ln109"/></StgValue>
</operation>
</state>

<state id="5" st_id="5">

<operation id="43" st_id="5" stage="8" lat="12">
<core>DivnS_SEQ</core>
<MemPortIdVec></MemPortIdVec>
<condition id="-1">
<or_exp><and_exp></and_exp></or_exp>
</condition>

<Node id="17" bw="8" op_0_bw="8" op_1_bw="8">
<![CDATA[
:0  %sdiv_ln108 = sdiv i8 %inA_read, %inB_read

]]></Node>
<StgValue><ssdm name="sdiv_ln108"/></StgValue>
</operation>

<operation id="44" st_id="5" stage="8" lat="12">
<core>DivnS_SEQ</core>
<MemPortIdVec></MemPortIdVec>
<condition id="-1">
<or_exp><and_exp></and_exp></or_exp>
</condition>

<Node id="19" bw="8" op_0_bw="8" op_1_bw="8">
<![CDATA[
:2  %srem_ln109 = srem i8 %inA_read, %inB_read

]]></Node>
<StgValue><ssdm name="srem_ln109"/></StgValue>
</operation>
</state>

<state id="6" st_id="6">

<operation id="45" st_id="6" stage="7" lat="12">
<core>DivnS_SEQ</core>
<MemPortIdVec></MemPortIdVec>
<condition id="-1">
<or_exp><and_exp></and_exp></or_exp>
</condition>

<Node id="17" bw="8" op_0_bw="8" op_1_bw="8">
<![CDATA[
:0  %sdiv_ln108 = sdiv i8 %inA_read, %inB_read

]]></Node>
<StgValue><ssdm name="sdiv_ln108"/></StgValue>
</operation>

<operation id="46" st_id="6" stage="7" lat="12">
<core>DivnS_SEQ</core>
<MemPortIdVec></MemPortIdVec>
<condition id="-1">
<or_exp><and_exp></and_exp></or_exp>
</condition>

<Node id="19" bw="8" op_0_bw="8" op_1_bw="8">
<![CDATA[
:2  %srem_ln109 = srem i8 %inA_read, %inB_read

]]></Node>
<StgValue><ssdm name="srem_ln109"/></StgValue>
</operation>
</state>

<state id="7" st_id="7">

<operation id="47" st_id="7" stage="6" lat="12">
<core>DivnS_SEQ</core>
<MemPortIdVec></MemPortIdVec>
<condition id="-1">
<or_exp><and_exp></and_exp></or_exp>
</condition>

<Node id="17" bw="8" op_0_bw="8" op_1_bw="8">
<![CDATA[
:0  %sdiv_ln108 = sdiv i8 %inA_read, %inB_read

]]></Node>
<StgValue><ssdm name="sdiv_ln108"/></StgValue>
</operation>

<operation id="48" st_id="7" stage="6" lat="12">
<core>DivnS_SEQ</core>
<MemPortIdVec></MemPortIdVec>
<condition id="-1">
<or_exp><and_exp></and_exp></or_exp>
</condition>

<Node id="19" bw="8" op_0_bw="8" op_1_bw="8">
<![CDATA[
:2  %srem_ln109 = srem i8 %inA_read, %inB_read

]]></Node>
<StgValue><ssdm name="srem_ln109"/></StgValue>
</operation>
</state>

<state id="8" st_id="8">

<operation id="49" st_id="8" stage="5" lat="12">
<core>DivnS_SEQ</core>
<MemPortIdVec></MemPortIdVec>
<condition id="-1">
<or_exp><and_exp></and_exp></or_exp>
</condition>

<Node id="17" bw="8" op_0_bw="8" op_1_bw="8">
<![CDATA[
:0  %sdiv_ln108 = sdiv i8 %inA_read, %inB_read

]]></Node>
<StgValue><ssdm name="sdiv_ln108"/></StgValue>
</operation>

<operation id="50" st_id="8" stage="5" lat="12">
<core>DivnS_SEQ</core>
<MemPortIdVec></MemPortIdVec>
<condition id="-1">
<or_exp><and_exp></and_exp></or_exp>
</condition>

<Node id="19" bw="8" op_0_bw="8" op_1_bw="8">
<![CDATA[
:2  %srem_ln109 = srem i8 %inA_read, %inB_read

]]></Node>
<StgValue><ssdm name="srem_ln109"/></StgValue>
</operation>
</state>

<state id="9" st_id="9">

<operation id="51" st_id="9" stage="4" lat="12">
<core>DivnS_SEQ</core>
<MemPortIdVec></MemPortIdVec>
<condition id="-1">
<or_exp><and_exp></and_exp></or_exp>
</condition>

<Node id="17" bw="8" op_0_bw="8" op_1_bw="8">
<![CDATA[
:0  %sdiv_ln108 = sdiv i8 %inA_read, %inB_read

]]></Node>
<StgValue><ssdm name="sdiv_ln108"/></StgValue>
</operation>

<operation id="52" st_id="9" stage="4" lat="12">
<core>DivnS_SEQ</core>
<MemPortIdVec></MemPortIdVec>
<condition id="-1">
<or_exp><and_exp></and_exp></or_exp>
</condition>

<Node id="19" bw="8" op_0_bw="8" op_1_bw="8">
<![CDATA[
:2  %srem_ln109 = srem i8 %inA_read, %inB_read

]]></Node>
<StgValue><ssdm name="srem_ln109"/></StgValue>
</operation>
</state>

<state id="10" st_id="10">

<operation id="53" st_id="10" stage="3" lat="12">
<core>DivnS_SEQ</core>
<MemPortIdVec></MemPortIdVec>
<condition id="-1">
<or_exp><and_exp></and_exp></or_exp>
</condition>

<Node id="17" bw="8" op_0_bw="8" op_1_bw="8">
<![CDATA[
:0  %sdiv_ln108 = sdiv i8 %inA_read, %inB_read

]]></Node>
<StgValue><ssdm name="sdiv_ln108"/></StgValue>
</operation>

<operation id="54" st_id="10" stage="3" lat="12">
<core>DivnS_SEQ</core>
<MemPortIdVec></MemPortIdVec>
<condition id="-1">
<or_exp><and_exp></and_exp></or_exp>
</condition>

<Node id="19" bw="8" op_0_bw="8" op_1_bw="8">
<![CDATA[
:2  %srem_ln109 = srem i8 %inA_read, %inB_read

]]></Node>
<StgValue><ssdm name="srem_ln109"/></StgValue>
</operation>
</state>

<state id="11" st_id="11">

<operation id="55" st_id="11" stage="2" lat="12">
<core>DivnS_SEQ</core>
<MemPortIdVec></MemPortIdVec>
<condition id="-1">
<or_exp><and_exp></and_exp></or_exp>
</condition>

<Node id="17" bw="8" op_0_bw="8" op_1_bw="8">
<![CDATA[
:0  %sdiv_ln108 = sdiv i8 %inA_read, %inB_read

]]></Node>
<StgValue><ssdm name="sdiv_ln108"/></StgValue>
</operation>

<operation id="56" st_id="11" stage="2" lat="12">
<core>DivnS_SEQ</core>
<MemPortIdVec></MemPortIdVec>
<condition id="-1">
<or_exp><and_exp></and_exp></or_exp>
</condition>

<Node id="19" bw="8" op_0_bw="8" op_1_bw="8">
<![CDATA[
:2  %srem_ln109 = srem i8 %inA_read, %inB_read

]]></Node>
<StgValue><ssdm name="srem_ln109"/></StgValue>
</operation>
</state>

<state id="12" st_id="12">

<operation id="57" st_id="12" stage="1" lat="12">
<core>DivnS_SEQ</core>
<MemPortIdVec></MemPortIdVec>
<condition id="-1">
<or_exp><and_exp><literal name="Sel_read" val="4"/>
</and_exp></or_exp>
</condition>

<Node id="17" bw="8" op_0_bw="8" op_1_bw="8">
<![CDATA[
:0  %sdiv_ln108 = sdiv i8 %inA_read, %inB_read

]]></Node>
<StgValue><ssdm name="sdiv_ln108"/></StgValue>
</operation>

<operation id="58" st_id="12" stage="1" lat="1">
<core>NULL</core>
<MemPortIdVec></MemPortIdVec>
<condition id="-1">
<or_exp><and_exp><literal name="Sel_read" val="4"/>
</and_exp></or_exp>
</condition>

<Node id="18" bw="0" op_0_bw="0" op_1_bw="8" op_2_bw="8">
<![CDATA[
:1  call void @_ssdm_op_Write.ap_auto.i8P(i8* %output_r, i8 %sdiv_ln108) nounwind

]]></Node>
<StgValue><ssdm name="write_ln108"/></StgValue>
</operation>

<operation id="59" st_id="12" stage="1" lat="12">
<core>DivnS_SEQ</core>
<MemPortIdVec></MemPortIdVec>
<condition id="-1">
<or_exp><and_exp><literal name="Sel_read" val="4"/>
</and_exp></or_exp>
</condition>

<Node id="19" bw="8" op_0_bw="8" op_1_bw="8">
<![CDATA[
:2  %srem_ln109 = srem i8 %inA_read, %inB_read

]]></Node>
<StgValue><ssdm name="srem_ln109"/></StgValue>
</operation>

<operation id="60" st_id="12" stage="1" lat="1">
<core>NULL</core>
<MemPortIdVec></MemPortIdVec>
<condition id="-1">
<or_exp><and_exp><literal name="Sel_read" val="4"/>
</and_exp></or_exp>
</condition>

<Node id="20" bw="0" op_0_bw="0" op_1_bw="8" op_2_bw="8">
<![CDATA[
:3  call void @_ssdm_op_Write.ap_auto.i8P(i8* %rem_r, i8 %srem_ln109) nounwind

]]></Node>
<StgValue><ssdm name="write_ln109"/></StgValue>
</operation>

<operation id="61" st_id="12" stage="1" lat="1">
<core>NULL</core>
<MemPortIdVec></MemPortIdVec>
<condition id="-1">
<or_exp><and_exp><literal name="Sel_read" val="4"/>
</and_exp></or_exp>
</condition>

<Node id="21" bw="0" op_0_bw="0">
<![CDATA[
:4  br label %6

]]></Node>
<StgValue><ssdm name="br_ln110"/></StgValue>
</operation>

<operation id="62" st_id="12" stage="1" lat="1">
<core>NULL</core>
<MemPortIdVec></MemPortIdVec>
<condition id="-1">
<or_exp><and_exp></and_exp></or_exp>
</condition>

<Node id="39" bw="0">
<![CDATA[
:0  ret void

]]></Node>
<StgValue><ssdm name="ret_ln119"/></StgValue>
</operation>
</state>
</state_list>


<ports>
<port id="79" name="inA" dir="0" iftype="0">
<core>NULL</core><StgValue><ssdm name="inA"/></StgValue>
</port>
<port id="80" name="inB" dir="0" iftype="0">
<core>NULL</core><StgValue><ssdm name="inB"/></StgValue>
</port>
<port id="81" name="Sel" dir="0" iftype="0">
<core>NULL</core><StgValue><ssdm name="Sel"/></StgValue>
</port>
<port id="82" name="output_r" dir="1" iftype="0">
<core>NULL</core><StgValue><ssdm name="output_r"/></StgValue>
</port>
<port id="83" name="rem_r" dir="1" iftype="0">
<core>NULL</core><StgValue><ssdm name="rem_r"/></StgValue>
</port>
</ports>


<dataflows>
<dataflow id="85" from="_ssdm_op_SpecBitsMap" to="specbitsmap_ln0" fromId="84" toId="13">
</dataflow>
<dataflow id="86" from="inA" to="specbitsmap_ln0" fromId="79" toId="13">
</dataflow>
<dataflow id="87" from="_ssdm_op_SpecBitsMap" to="specbitsmap_ln0" fromId="84" toId="14">
</dataflow>
<dataflow id="88" from="inB" to="specbitsmap_ln0" fromId="80" toId="14">
</dataflow>
<dataflow id="89" from="_ssdm_op_SpecBitsMap" to="specbitsmap_ln0" fromId="84" toId="15">
</dataflow>
<dataflow id="90" from="Sel" to="specbitsmap_ln0" fromId="81" toId="15">
</dataflow>
<dataflow id="91" from="_ssdm_op_SpecBitsMap" to="specbitsmap_ln0" fromId="84" toId="16">
</dataflow>
<dataflow id="92" from="output_r" to="specbitsmap_ln0" fromId="82" toId="16">
</dataflow>
<dataflow id="93" from="_ssdm_op_SpecBitsMap" to="specbitsmap_ln0" fromId="84" toId="17">
</dataflow>
<dataflow id="94" from="rem_r" to="specbitsmap_ln0" fromId="83" toId="17">
</dataflow>
<dataflow id="96" from="_ssdm_op_SpecTopModule" to="spectopmodule_ln0" fromId="95" toId="18">
</dataflow>
<dataflow id="98" from="apint_arith_str" to="spectopmodule_ln0" fromId="97" toId="18">
</dataflow>
<dataflow id="100" from="_ssdm_op_Read.ap_auto.i8" to="Sel_read" fromId="99" toId="19">
</dataflow>
<dataflow id="101" from="Sel" to="Sel_read" fromId="81" toId="19">
</dataflow>
<dataflow id="102" from="_ssdm_op_Read.ap_auto.i8" to="inB_read" fromId="99" toId="20">
</dataflow>
<dataflow id="103" from="inB" to="inB_read" fromId="80" toId="20">
</dataflow>
<dataflow id="104" from="_ssdm_op_Read.ap_auto.i8" to="inA_read" fromId="99" toId="21">
</dataflow>
<dataflow id="105" from="inA" to="inA_read" fromId="79" toId="21">
</dataflow>
<dataflow id="106" from="Sel_read" to="switch_ln97" fromId="19" toId="22">
</dataflow>
<dataflow id="108" from="StgValue_107" to="switch_ln97" fromId="107" toId="22">
</dataflow>
<dataflow id="110" from="StgValue_109" to="switch_ln97" fromId="109" toId="22">
</dataflow>
<dataflow id="112" from="StgValue_111" to="switch_ln97" fromId="111" toId="22">
</dataflow>
<dataflow id="114" from="StgValue_113" to="switch_ln97" fromId="113" toId="22">
</dataflow>
<dataflow id="115" from="inA_read" to="sdiv_ln108" fromId="21" toId="23">
</dataflow>
<dataflow id="116" from="inB_read" to="sdiv_ln108" fromId="20" toId="23">
</dataflow>
<dataflow id="117" from="inA_read" to="srem_ln109" fromId="21" toId="24">
</dataflow>
<dataflow id="118" from="inB_read" to="srem_ln109" fromId="20" toId="24">
</dataflow>
<dataflow id="119" from="inB_read" to="mul_ln105" fromId="20" toId="25">
</dataflow>
<dataflow id="120" from="inA_read" to="mul_ln105" fromId="21" toId="25">
</dataflow>
<dataflow id="122" from="_ssdm_op_Write.ap_auto.i8P" to="write_ln105" fromId="121" toId="26">
</dataflow>
<dataflow id="123" from="output_r" to="write_ln105" fromId="82" toId="26">
</dataflow>
<dataflow id="124" from="mul_ln105" to="write_ln105" fromId="25" toId="26">
</dataflow>
<dataflow id="125" from="inA_read" to="sub_ln102" fromId="21" toId="28">
</dataflow>
<dataflow id="126" from="inB_read" to="sub_ln102" fromId="20" toId="28">
</dataflow>
<dataflow id="127" from="_ssdm_op_Write.ap_auto.i8P" to="write_ln102" fromId="121" toId="29">
</dataflow>
<dataflow id="128" from="output_r" to="write_ln102" fromId="82" toId="29">
</dataflow>
<dataflow id="129" from="sub_ln102" to="write_ln102" fromId="28" toId="29">
</dataflow>
<dataflow id="130" from="inB_read" to="add_ln99" fromId="20" toId="31">
</dataflow>
<dataflow id="131" from="inA_read" to="add_ln99" fromId="21" toId="31">
</dataflow>
<dataflow id="132" from="_ssdm_op_Write.ap_auto.i8P" to="write_ln99" fromId="121" toId="32">
</dataflow>
<dataflow id="133" from="output_r" to="write_ln99" fromId="82" toId="32">
</dataflow>
<dataflow id="134" from="add_ln99" to="write_ln99" fromId="31" toId="32">
</dataflow>
<dataflow id="135" from="_ssdm_op_Write.ap_auto.i8P" to="write_ln112" fromId="121" toId="34">
</dataflow>
<dataflow id="136" from="output_r" to="write_ln112" fromId="82" toId="34">
</dataflow>
<dataflow id="138" from="StgValue_137" to="write_ln112" fromId="137" toId="34">
</dataflow>
<dataflow id="139" from="_ssdm_op_Write.ap_auto.i8P" to="write_ln113" fromId="121" toId="35">
</dataflow>
<dataflow id="140" from="rem_r" to="write_ln113" fromId="83" toId="35">
</dataflow>
<dataflow id="141" from="StgValue_137" to="write_ln113" fromId="137" toId="35">
</dataflow>
<dataflow id="142" from="inA_read" to="sdiv_ln108" fromId="21" toId="37">
</dataflow>
<dataflow id="143" from="inB_read" to="sdiv_ln108" fromId="20" toId="37">
</dataflow>
<dataflow id="144" from="inA_read" to="srem_ln109" fromId="21" toId="38">
</dataflow>
<dataflow id="145" from="inB_read" to="srem_ln109" fromId="20" toId="38">
</dataflow>
<dataflow id="146" from="inA_read" to="sdiv_ln108" fromId="21" toId="39">
</dataflow>
<dataflow id="147" from="inB_read" to="sdiv_ln108" fromId="20" toId="39">
</dataflow>
<dataflow id="148" from="inA_read" to="srem_ln109" fromId="21" toId="40">
</dataflow>
<dataflow id="149" from="inB_read" to="srem_ln109" fromId="20" toId="40">
</dataflow>
<dataflow id="150" from="inA_read" to="sdiv_ln108" fromId="21" toId="41">
</dataflow>
<dataflow id="151" from="inB_read" to="sdiv_ln108" fromId="20" toId="41">
</dataflow>
<dataflow id="152" from="inA_read" to="srem_ln109" fromId="21" toId="42">
</dataflow>
<dataflow id="153" from="inB_read" to="srem_ln109" fromId="20" toId="42">
</dataflow>
<dataflow id="154" from="inA_read" to="sdiv_ln108" fromId="21" toId="43">
</dataflow>
<dataflow id="155" from="inB_read" to="sdiv_ln108" fromId="20" toId="43">
</dataflow>
<dataflow id="156" from="inA_read" to="srem_ln109" fromId="21" toId="44">
</dataflow>
<dataflow id="157" from="inB_read" to="srem_ln109" fromId="20" toId="44">
</dataflow>
<dataflow id="158" from="inA_read" to="sdiv_ln108" fromId="21" toId="45">
</dataflow>
<dataflow id="159" from="inB_read" to="sdiv_ln108" fromId="20" toId="45">
</dataflow>
<dataflow id="160" from="inA_read" to="srem_ln109" fromId="21" toId="46">
</dataflow>
<dataflow id="161" from="inB_read" to="srem_ln109" fromId="20" toId="46">
</dataflow>
<dataflow id="162" from="inA_read" to="sdiv_ln108" fromId="21" toId="47">
</dataflow>
<dataflow id="163" from="inB_read" to="sdiv_ln108" fromId="20" toId="47">
</dataflow>
<dataflow id="164" from="inA_read" to="srem_ln109" fromId="21" toId="48">
</dataflow>
<dataflow id="165" from="inB_read" to="srem_ln109" fromId="20" toId="48">
</dataflow>
<dataflow id="166" from="inA_read" to="sdiv_ln108" fromId="21" toId="49">
</dataflow>
<dataflow id="167" from="inB_read" to="sdiv_ln108" fromId="20" toId="49">
</dataflow>
<dataflow id="168" from="inA_read" to="srem_ln109" fromId="21" toId="50">
</dataflow>
<dataflow id="169" from="inB_read" to="srem_ln109" fromId="20" toId="50">
</dataflow>
<dataflow id="170" from="inA_read" to="sdiv_ln108" fromId="21" toId="51">
</dataflow>
<dataflow id="171" from="inB_read" to="sdiv_ln108" fromId="20" toId="51">
</dataflow>
<dataflow id="172" from="inA_read" to="srem_ln109" fromId="21" toId="52">
</dataflow>
<dataflow id="173" from="inB_read" to="srem_ln109" fromId="20" toId="52">
</dataflow>
<dataflow id="174" from="inA_read" to="sdiv_ln108" fromId="21" toId="53">
</dataflow>
<dataflow id="175" from="inB_read" to="sdiv_ln108" fromId="20" toId="53">
</dataflow>
<dataflow id="176" from="inA_read" to="srem_ln109" fromId="21" toId="54">
</dataflow>
<dataflow id="177" from="inB_read" to="srem_ln109" fromId="20" toId="54">
</dataflow>
<dataflow id="178" from="inA_read" to="sdiv_ln108" fromId="21" toId="55">
</dataflow>
<dataflow id="179" from="inB_read" to="sdiv_ln108" fromId="20" toId="55">
</dataflow>
<dataflow id="180" from="inA_read" to="srem_ln109" fromId="21" toId="56">
</dataflow>
<dataflow id="181" from="inB_read" to="srem_ln109" fromId="20" toId="56">
</dataflow>
<dataflow id="182" from="inA_read" to="sdiv_ln108" fromId="21" toId="57">
</dataflow>
<dataflow id="183" from="inB_read" to="sdiv_ln108" fromId="20" toId="57">
</dataflow>
<dataflow id="184" from="_ssdm_op_Write.ap_auto.i8P" to="write_ln108" fromId="121" toId="58">
</dataflow>
<dataflow id="185" from="output_r" to="write_ln108" fromId="82" toId="58">
</dataflow>
<dataflow id="186" from="sdiv_ln108" to="write_ln108" fromId="57" toId="58">
</dataflow>
<dataflow id="187" from="inA_read" to="srem_ln109" fromId="21" toId="59">
</dataflow>
<dataflow id="188" from="inB_read" to="srem_ln109" fromId="20" toId="59">
</dataflow>
<dataflow id="189" from="_ssdm_op_Write.ap_auto.i8P" to="write_ln109" fromId="121" toId="60">
</dataflow>
<dataflow id="190" from="rem_r" to="write_ln109" fromId="83" toId="60">
</dataflow>
<dataflow id="191" from="srem_ln109" to="write_ln109" fromId="59" toId="60">
</dataflow>
<dataflow id="192" from="Sel_read" to="StgValue_1" fromId="19" toId="1">
</dataflow>
<dataflow id="193" from="Sel_read" to="StgValue_12" fromId="19" toId="12">
</dataflow>
</dataflows>


</stg>
